test-id,required-test-id
ACC-000001,
ACC-000002,
ACC-000003,
ACC-000004,
ACC-000005,
ACC-000006,
ACC-000007,
ACC-000008,
ACC-000009,
ACC-000010,
ACC-000011,
ACC-000012,
ACC-000013,
ACC-000014,
ACC-000015,
ACC-000016,
ACC-000017,
ACC-000018,
AR-000020,
IJ-000001,
IJ-000002,
IJ-000003,
IJ-000004,
IJ-000005,
MS-000026,
MS-000027,
MS-000028,
MS-000029,
MS-000030,
MS-000031,
CF-000001,
CF-000002,
CF-000003,
CF-000004,
CF-000005,
CF-000006,
CF-000007,
CF-000008,
CF-000009,
CF-000010,
IJ-000006,
IJ-000007,
IJ-000008,
IJ-000009,
IJ-000010,
IJ-000011,
IJ-000012,
IJ-000013,
IJ-000014,
IJ-000015,
IJ-000016,
IJ-000017,
IJ-000018,
IJ-000019,
IJ-000020,
IJ-000021,
IJ-000022,
IJ-000023,
IJ-000024,
IJ-000025,
IJ-000026,
IJ-000027,
IJ-000028,
IJ-000029,
IJ-000030,
IJ-000031,
IJ-000032,
IJ-000033,
IJ-000034,
IJ-000035,
IJ-000036,
IJ-000037,
RND-00001,
RND-00002,
RND-00003,
RND-00004,
RND-00005,
RND-00006,
RND-00007,
RND-00008,
